description,category
"Description","Category"
"A high-quality office chair with adjustable height, lumbar support, and ergonomic design, providing comfort and support for long working hours.","Furniture"
"A powerful desktop computer equipped with the latest processor, ample RAM, and high-resolution display, suitable for both professional and gaming use.","Electronics"
"A versatile inkjet printer with wireless connectivity, capable of printing high-quality documents and photos efficiently.","Electronics"
"A durable whiteboard with a smooth writing surface, ideal for meetings and brainstorming sessions, including markers and an eraser.","Office Supplies"
"A high-definition projector with wireless capabilities, perfect for presentations, home theaters, and multimedia displays.","Electronics"
"A stylish and functional office desk with ample workspace, built-in storage, and cable management for a clutter-free work environment.","Furniture"
"A sturdy file cabinet with multiple drawers and locking mechanisms, designed to keep important documents organized and secure.","Furniture"
"A high-resolution LED monitor with vibrant colors and adjustable settings, enhancing visual clarity for work and entertainment.","Electronics"
"A heavy-duty stapler capable of binding large stacks of paper, featuring an ergonomic grip and easy-loading mechanism.","Office Supplies"
"A business-class office phone with advanced features such as call forwarding, voicemail, and a high-quality speakerphone.","Electronics"
"A cross-cut paper shredder designed for secure disposal of sensitive documents, with a large capacity and durable construction.","Electronics"
"A programmable coffee machine with multiple brewing options, built-in grinder, and a thermal carafe to keep coffee hot for hours.","Appliances"
"An energy-efficient air conditioner with adjustable cooling settings, remote control, and a quiet operation for comfortable indoor climate.","Appliances"
"A stylish bookshelf with adjustable shelves, ideal for organizing books, decor, and personal items in both home and office settings.","Furniture"
"An adjustable desk lamp with LED lighting and touch controls, providing optimal illumination for reading and working.","Electronics"
"A high-precision computer mouse with ergonomic design, customizable buttons, and a responsive scroll wheel for enhanced productivity.","Electronics"
"A mechanical keyboard with tactile feedback, customizable keycaps, and backlighting, perfect for both typing and gaming.","Electronics"
"A portable external hard drive with high storage capacity and fast data transfer speeds, ideal for backing up and transferring files.","Electronics"
"A multifunctional fax machine with scanning and copying capabilities, designed for efficient document handling in a business setting.","Electronics"
"A comfortable office sofa with plush cushions and durable upholstery, designed for relaxation and informal meetings in the office.","Furniture"
"A spacious meeting table with a sleek design, perfect for conferences, team discussions, and collaborative work in a professional environment.","Furniture"
"A high-performance document scanner with fast processing speeds and high-resolution imaging, ideal for digitizing important documents.","Electronics"
"A well-organized office supply cabinet with multiple compartments and a locking mechanism, designed to keep office materials neatly stored.","Furniture"
"A desk organizer with various compartments for pens, paper, and other office essentials, helping to maintain a tidy and efficient workspace.","Office Supplies"
"High-quality whiteboard markers with vivid colors and low-odor ink, suitable for writing and drawing on whiteboards with ease.","Office Supplies"
"A ream of printer paper designed for high-quality printing, with a smooth finish and excellent color reproduction for documents and presentations.","Office Supplies"
"Rechargeable batteries with high capacity and long-lasting performance, suitable for powering various electronic devices and reducing waste.","Electronics"
"A versatile label maker with customizable settings and a range of label types, ideal for organizing and categorizing office supplies and files.","Electronics"
"Decorative office plants that add a touch of greenery and freshness to the workspace, enhancing the office environment and boosting morale.","Decor"
"A compact refrigerator with energy-efficient design, perfect for storing beverages, snacks, and perishable items in a small office or home.","Appliances"
"A microwave oven with a 20-liter capacity, featuring multiple cooking presets and easy-to-use controls for quick meal preparation.","Appliances"
"Specialized shredder bags designed to fit a variety of paper shredders, providing an easy and convenient way to dispose of shredded documents.","Office Supplies"
"A high-quality telephone headset with noise-canceling features and a comfortable design, ideal for clear and uninterrupted telephone conversations.","Electronics"
"A protective desk chair mat designed to prevent damage to floors and carpets, with a smooth surface for easy movement of office chairs.","Furniture"
"A stylish wall clock with a modern design, adding functionality and aesthetic appeal to office or home spaces with clear, easy-to-read time display.","Decor"
"A large conference room table with ample seating space, suitable for meetings, presentations, and collaborative sessions in professional settings.","Furniture"
"A networking router with high-speed internet capabilities, multiple ports, and wireless connectivity for efficient and reliable network access.","Electronics"
"A wall-mounted shelf with a sleek design, perfect for displaying books, decor, and other items in an office or home setting.","Furniture"
"A secure office safe with a combination lock or electronic keypad, designed to keep valuable documents and items safe from theft or unauthorized access.","Electronics"
"An air purifier with advanced filtration technology, designed to improve indoor air quality by removing dust, allergens, and pollutants.","Appliances"
"A hand sanitizer dispenser with a touchless operation, ensuring hygienic hand cleaning in office or public areas while minimizing cross-contamination.","Office Supplies"
"A pen holder with a sleek design, capable of organizing and holding multiple writing instruments, helping to keep the workspace tidy and accessible.","Office Supplies"
"A decorative office rug with a stylish pattern, adding comfort and visual appeal to office floors while complementing the overall decor.","Decor"
"A projector screen with easy-to-use features and a high-quality surface, enhancing the viewing experience for presentations and multimedia displays.","Electronics"
"Whiteboard erasers with a durable felt surface, designed to clean whiteboard markers effectively and maintain a clear writing surface for repeated use.","Office Supplies"
"A compact desk fan with adjustable speed settings, providing a refreshing breeze and enhancing comfort during warm weather or in poorly ventilated spaces.","Appliances"
"Office door mats with a durable design, capturing dirt and moisture from shoes to keep office floors clean and welcoming.","Decor"
"Printer ink cartridges with high-yield capacity, compatible with a variety of printers and designed to produce crisp and vibrant prints for documents and photos.","Office Supplies"
"Office cable management solutions designed to organize and conceal cables, reducing clutter and improving the overall appearance of the workspace.","Electronics"
"A programmable thermostat with smart features, allowing for precise temperature control and energy savings in office or home environments.","Appliances"
"A USB flash drive with high storage capacity and fast data transfer speeds, ideal for storing and transporting important files and documents.","Electronics"
"An electric kettle with rapid boil functionality, perfect for quickly boiling water for tea, coffee, and other hot beverages.","Appliances"
"Office waste bins with a sleek design and easy-to-clean surfaces, ideal for maintaining cleanliness and organization in office or home environments.","Office Supplies"
"A presentation remote with intuitive controls, allowing for seamless navigation through slides and multimedia during presentations and lectures.","Electronics"
"A complete desk accessories set including items such as a pen holder, paper tray, and desk organizer, designed to enhance the functionality and appearance of the workspace.","Office Supplies"
"An office partition with adjustable panels, providing privacy and creating separate work areas within an open-plan office environment.","Furniture"
"Conference microphones with high audio quality and noise-cancellation features, ideal for capturing clear sound during meetings and discussions.","Electronics"
"Office cleaning supplies including disinfectants, wipes, and sprays, designed to maintain a clean and hygienic work environment.","Office Supplies"
"Decorative wall art with modern designs, adding visual interest and personality to office or home spaces while complementing existing decor.","Decor"
"Plant pots for office use, designed to hold and display office plants in an attractive and functional manner, enhancing the workspace environment.","Decor"
"A break room table with a durable surface and comfortable seating, providing a space for employees to relax and socialize during breaks.","Furniture"
"Office storage bins with a stackable design, perfect for organizing and storing office supplies, documents, and other materials in a tidy manner.","Office Supplies"
"A water cooler with a high-capacity reservoir and easy-to-use dispensing features, providing chilled and hot water options for office or home use.","Appliances"
"A coffee maker with programmable settings, allowing for convenient brewing of coffee and ensuring that fresh coffee is ready when needed.","Appliances"
"Office curtains with a stylish design and high-quality fabric, providing privacy and controlling light levels in office or home spaces.","Decor"
"Whiteboard cleaning spray with an effective formula for removing marker stains and maintaining a clean writing surface on whiteboards.","Office Supplies"
"A desktop organizer with compartments for pens, paper, and other small items, helping to keep the workspace organized and efficient.","Office Supplies"
"A personal safe with a secure locking mechanism, designed to protect valuable personal items and documents from theft or unauthorized access.","Electronics"
"An office bulletin board with a cork surface, perfect for posting notices, reminders, and other important information in a visible and organized manner.","Office Supplies"
"Desk chair cushions with ergonomic support and soft padding, providing additional comfort and reducing pressure during extended periods of sitting.","Furniture"
"An electronic label printer with customizable settings and fast printing speeds, ideal for creating professional labels for office and home use.","Electronics"
"Office carpet with a stylish design and durable construction, providing comfort and enhancing the appearance of office or home flooring.","Decor"
"A reception desk with a sleek and professional design, offering a welcoming space for visitors and a functional workspace for reception staff.","Furniture"
"An office clock with a classic design and clear time display, adding a practical and decorative element to office or home environments.","Decor"
"Meeting room chairs with ergonomic design and comfortable padding, providing seating for extended meetings and discussions in professional settings.","Furniture"
"An executive desk with a sophisticated design and ample workspace, featuring built-in storage and cable management for a professional office setup.","Furniture"
"Office tissues with a soft and absorbent quality, providing a convenient solution for personal hygiene and cleanliness in the office or home.","Office Supplies"
"A conference room projector with high-resolution capabilities and easy connectivity options, ideal for presentations and multimedia displays in professional settings.","Electronics"
"Office bean bags with a casual and comfortable design, providing additional seating options and a relaxed atmosphere in office or home spaces.","Furniture"
"A desktop stand with adjustable angles and heights, designed to hold and position monitors or laptops for improved ergonomics and comfort.","Electronics"
"A portable heater with adjustable settings and a compact design, providing additional warmth and comfort in small office or home areas during colder months.","Appliances"
"An office whiteboard easel with a sturdy frame and adjustable height, suitable for presenting and displaying information in meetings and workshops.","Office Supplies"
"A desktop computer stand with an ergonomic design, raising the monitor to eye level and reducing strain on the neck and back during extended use.","Electronics"
"Office laptop stands with adjustable height and angle settings, designed to improve ergonomics and provide a comfortable viewing position for laptop users.","Electronics"
"Break room appliances including a microwave, refrigerator, and coffee maker, providing essential amenities for employees to enjoy meals and refreshments during breaks.","Appliances"
"An ergonomic chair with adjustable features and lumbar support, designed to provide maximum comfort and reduce fatigue during long periods of sitting.","Furniture"
"Office blinds with adjustable slats, allowing for precise control of light levels and privacy in office or home spaces.","Decor"
"Office magnets with a strong hold and versatile use, suitable for displaying documents and notes on magnetic surfaces such as whiteboards and filing cabinets.","Office Supplies"
"A meeting room table with a spacious surface and durable construction, providing ample space for collaborative work and discussions in professional settings.","Furniture"
"An office water dispenser with hot and cold water options, designed for convenient access to fresh water in the office or home environment.","Appliances"
"A multi-function printer with capabilities for printing, scanning, and copying, designed to handle various office tasks efficiently and effectively.","Electronics"
"An office mail organizer with multiple compartments, designed to keep incoming and outgoing mail and documents neatly arranged and easily accessible.","Office Supplies"
"A conference call speaker with high audio quality and clear sound, providing an enhanced audio experience for conference calls and virtual meetings.","Electronics"
"An office cooling fan with adjustable speed settings and oscillation, providing a refreshing breeze and enhancing comfort in warm environments.","Appliances"
"File storage boxes with a durable design and secure lid, ideal for organizing and storing important documents and files in an office or home setting.","Office Supplies"
"Office wall panels with a modern design and sound-absorbing properties, enhancing the aesthetic appeal and acoustic comfort of office or home spaces.","Decor"
"A cleaning supplies kit with a range of products including disinfectants, wipes, and brushes, designed to maintain cleanliness and hygiene in office environments.","Office Supplies"
"Office bulletin board pins with a durable design, perfect for securing documents and notices to bulletin boards and cork boards in the office or home.","Office Supplies"
"A mobile charging station with multiple ports, providing a convenient solution for charging various electronic devices simultaneously.","Electronics"
"An executive chair with premium materials and advanced ergonomic features, designed to provide ultimate comfort and support in a professional office setting.","Furniture"
"An office wall calendar with large, easy-to-read dates and ample space for notes, helping to keep track of important dates and appointments in the office or home.","Office Supplies"
"A break room seating arrangement with comfortable chairs and tables, providing a space for employees to relax and socialize during breaks.","Furniture"
"A desktop air purifier with a compact design and advanced filtration, improving indoor air quality and creating a healthier workspace environment.","Appliances"
"Conference room furniture including tables, chairs, and storage units, designed to facilitate meetings and collaborative work in professional settings.","Furniture"
"Whiteboard dry erase markers with vibrant colors and low-odor ink, providing clear and easily removable writing on whiteboards for presentations and brainstorming sessions.","Office Supplies"
"Office waste receptacles with a stylish design and easy-to-use lid, ideal for maintaining cleanliness and organization in office or home spaces.","Office Supplies"
"Employee lockers with a secure design and ample storage space, providing a convenient solution for storing personal belongings in office or workplace environments.","Furniture"
"An office air conditioning unit with adjustable cooling settings and energy-efficient features, designed to maintain a comfortable indoor climate throughout the year.","Appliances"
"A portable projector with high-definition resolution and compact design, suitable for presentations and multimedia displays on the go.","Electronics"
"Office chair mats with a durable design and smooth surface, protecting floors from damage and providing ease of movement for office chairs.","Furniture"
"A conference room sound system with high-quality audio components and easy connectivity, designed to enhance audio clarity during meetings and presentations.","Electronics"
"A desk drawer organizer with adjustable compartments, helping to keep office supplies and personal items neatly arranged and easily accessible.","Office Supplies"
"Office ceiling fans with energy-efficient motors and adjustable settings, providing a cooling breeze and enhancing air circulation in office or home spaces.","Appliances"
"Reception area furniture including a welcoming reception desk, seating, and decor, designed to create a professional and inviting first impression.","Furniture"
"Office lighting fixtures with adjustable brightness and modern designs, providing optimal illumination for workspaces and enhancing the overall office environment.","Electronics"
"A desktop organizer tray with multiple compartments, ideal for sorting and organizing office supplies and personal items on the desk.","Office Supplies"
"An office printer stand with a sturdy design and adjustable shelves, providing a convenient and organized location for printers and other office equipment.","Furniture"
"A computer workstation with a spacious desk, ergonomic chair, and integrated storage, designed for optimal comfort and efficiency in a professional setting.","Furniture"
"Office floor mats with a durable design and anti-fatigue properties, providing comfort and protection for flooring in high-traffic areas.","Decor"
"Desk plant holders with stylish designs and durable materials, perfect for displaying and caring for office plants in a professional setting.","Decor"
"An office document holder with a sleek design and adjustable angles, providing a convenient solution for organizing and viewing important documents and files.","Office Supplies"
"Office decor items including decorative accents, wall art, and accessories, designed to enhance the visual appeal and personality of office or home spaces.","Decor"
"A portable cooling unit with adjustable settings and energy-efficient operation, providing additional cooling in small office or home areas during hot weather.","Appliances"
"An office TV with high-definition display and smart features, suitable for presentations, video conferencing, and entertainment in office or home environments.","Electronics"
"A conference room whiteboard with a durable surface and easy-to-clean design, ideal for brainstorming and presenting ideas during meetings and workshops.","Office Supplies"
"An office reception desk chair with ergonomic features and stylish design, providing comfortable seating for reception staff in a professional setting.","Furniture"
"Office wall art frames with a modern design, perfect for displaying artwork and photographs in office or home spaces while enhancing the overall decor.","Decor"
"An office desk pad with a smooth surface and protective features, designed to provide a comfortable writing area and protect the desk from damage.","Office Supplies"
"A desktop microphone with high audio quality and noise-cancellation features, ideal for clear and professional communication during virtual meetings and recordings.","Electronics"
"An office ergonomic desk chair with adjustable features and lumbar support, designed to provide maximum comfort and support during long periods of sitting.","Furniture"
"A conference room air purifier with advanced filtration technology, improving air quality and reducing pollutants in meeting and conference spaces.","Appliances"
"Desk light fixtures with adjustable brightness and modern design, providing optimal illumination for workspaces and enhancing the office environment.","Electronics"
"Office file organizers with multiple compartments and durable construction, designed to keep files and documents neatly arranged and easily accessible.","Office Supplies"
"Meeting room AV equipment including projectors, screens, and sound systems, designed to enhance audiovisual presentations and meetings in professional settings.","Electronics"
"An office water filter with advanced filtration technology, ensuring clean and safe drinking water for office or home use.","Appliances"
"Office storage shelves with adjustable heights and durable construction, ideal for organizing and displaying office supplies, books, and decor.","Furniture"
"A desktop computer accessory set including items such as a mouse pad, cable organizer, and USB hub, designed to enhance the functionality of the computer workstation.","Electronics"
"Office desk accessories including items such as a desk organizer, pen holder, and paper tray, designed to enhance organization and efficiency in the workspace.","Office Supplies"
"Office storage cabinets with multiple compartments and a sleek design, providing ample space for organizing office supplies, documents, and equipment.","Furniture"
"Conference table accessories including items such as tablecloths, centerpieces, and nameplates, designed to enhance the appearance and functionality of conference tables.","Office Supplies"
"Office coffee supplies including a range of coffee blends, creamers, and sweeteners, providing a variety of options for coffee breaks in the office.","Food & Beverages"
"Office healthy snacks including nutritious options such as nuts, dried fruits, and granola bars, providing a convenient and healthy choice for snack breaks in the office.","Food & Beverages"
"An office beverage station with a variety of drink options including coffee, tea, and bottled water, providing convenience and refreshments for employees throughout the day.","Appliances"
"A desktop cable organizer with multiple compartments and a sleek design, helping to manage and conceal cables for a tidy and organized workspace.","Electronics"
"Employee lockers with secure locking mechanisms and ample storage space, providing a convenient solution for storing personal belongings and valuables in the office.","Furniture"
"A conference room cooling unit with adjustable settings and energy-efficient operation, providing additional cooling in conference and meeting spaces during hot weather.","Appliances"
"Office desk drawer locks with secure mechanisms and easy installation, designed to protect confidential documents and personal items in office drawers.","Furniture"
"A portable heating unit with adjustable temperature settings and compact design, providing additional warmth and comfort in small office or home areas during colder months.","Appliances"
"Office meeting room decor including items such as artwork, plants, and accessories, designed to enhance the visual appeal and ambiance of meeting spaces.","Decor"
"A compact office refrigerator with a stylish design and energy-efficient operation, providing a convenient storage solution for beverages and snacks in the office.","Appliances"

"Comfortable and supportive yoga mat with carrying strap", "Fitness Equipment"
"High-quality and versatile multi-purpose kitchen gadget with attachments", "Kitchen Appliances"
"Stylish and practical desk lamp with adjustable brightness and color temperature", "Furniture"
"Compact and efficient electric wine opener with charging base", "Kitchen Appliances"
"Elegant and modern decorative floor lamp with fabric shade", "Home Decor"
"Comfortable and supportive ergonomic desk chair with adjustable height", "Furniture"
"High-performance and versatile food processor with dough blade", "Kitchen Appliances"
"Stylish and practical wall-mounted storage shelf with hooks", "Furniture"
"Compact and durable outdoor camping tent with rainfly", "Outdoor Gear"
"Elegant and modern decorative table runner with floral design", "Home Decor"
"Comfortable and supportive travel blanket with fleece material", "Personal Care"
"High-quality and versatile kitchen knife set with cutting board", "Kitchen Appliances"
"Stylish and practical desk organizer with built-in lamp", "Accessories"
"Compact and efficient indoor air purifier with HEPA filter", "Home Appliances"
"Elegant and modern decorative wall clock with sleek design", "Home Decor"
"Comfortable and supportive yoga block with high-density foam", "Fitness Equipment"
"High-performance and durable electric coffee maker with carafe", "Kitchen Appliances"
"Stylish and practical office desk with built-in drawer", "Furniture"
"Compact and durable outdoor camping gear set with flashlight", "Outdoor Gear"
"Elegant and modern decorative table centerpiece with candle holders", "Home Decor"
"Comfortable and supportive winter gloves with thermal insulation", "Clothing"
"High-quality and versatile multi-function kitchen tool set", "Kitchen Appliances"
"Stylish and practical wall-mounted coat rack with bench", "Furniture"
"Compact and efficient electric skillet with adjustable temperature", "Kitchen Appliances"
"Elegant and modern decorative pendant light fixture with glass shade", "Home Decor"
"Comfortable and supportive memory foam pillow with cooling gel", "Personal Care"
"High-performance and versatile air fryer with easy-to-clean basket", "Kitchen Appliances"
"Stylish and practical office chair with mesh back and lumbar support", "Furniture"
"Compact and durable outdoor camping gear set with tent and cooking supplies", "Outdoor Gear"
"Elegant and modern decorative wall mirror with frameless design", "Home Decor"
"Comfortable and supportive travel neck pillow with adjustable strap", "Personal Care"
"High-quality and versatile chef's knife with precision blade", "Kitchen Appliances"
"Stylish and practical wall-mounted storage rack with hooks and baskets", "Furniture"
"Elegant and modern decorative table lamp with ceramic base", "Home Decor"
"Comfortable and supportive winter coat with windproof design", "Clothing"
"High-performance and versatile blender with multiple speed settings", "Kitchen Appliances"
"Stylish and practical office desk with built-in charging station", "Furniture"
"Elegant and modern decorative wall art with nature theme", "Home Decor"
"Comfortable and supportive yoga mat with extra cushioning", "Fitness Equipment"
"High-quality and versatile multi-purpose kitchen tool set with measuring cups", "Kitchen Appliances"
"Stylish and practical desk lamp with built-in clock", "Furniture"
"Compact and efficient electric coffee grinder with adjustable settings", "Kitchen Appliances"
"Elegant and modern decorative floor lamp with adjustable brightness", "Home Decor"
"Comfortable and supportive ergonomic office chair with lumbar support", "Furniture"
"High-performance and versatile food processor with multiple blades", "Kitchen Appliances"
"Stylish and practical storage ottoman with upholstered top", "Furniture"
"Compact and durable outdoor camping gear set with tent and stove", "Outdoor Gear"
"Elegant and modern decorative table runner with geometric design", "Home Decor"
"Comfortable and supportive travel pillow with memory foam", "Personal Care"
"High-quality and versatile chef's knife with serrated edge", "Kitchen Appliances"
"Stylish and practical desk organizer with built-in phone holder", "Accessories"
"Compact and efficient electric griddle with removable plates", "Kitchen Appliances"
"Elegant and modern decorative wall art with minimalist design", "Home Decor"
"Comfortable and durable winter boots with insulated lining", "Footwear"
"Stylish and practical office chair with adjustable armrests", "Furniture"
"Elegant and modern decorative pendant light fixture with metal shade", "Home Decor"
"Comfortable and supportive memory foam mattress with plush cover", "Furniture"
"High-quality and versatile multi-purpose kitchen tool set with colander", "Kitchen Appliances"
"Stylish and practical wall-mounted coat rack with shelf and hooks", "Furniture"
"Compact and efficient indoor air purifier with activated carbon filter", "Home Appliances"
"Elegant and modern decorative table centerpiece with floral arrangement", "Home Decor"
"High-performance and versatile coffee maker with built-in grinder", "Kitchen Appliances"
"Stylish and practical office desk with built-in filing cabinet", "Furniture"
"Compact and durable outdoor camping gear set with tent and lantern", "Outdoor Gear"
"Elegant and modern decorative wall mirror with gold frame", "Home Decor"
"Comfortable and supportive winter gloves with touchscreen compatibility", "Clothing"
"High-quality and versatile multi-function kitchen tool set with whisk", "Kitchen Appliances"
"Stylish and practical desk lamp with adjustable arm and brightness", "Furniture"
"Compact and efficient electric kettle with rapid boiling feature", "Kitchen Appliances"
"Elegant and modern decorative table lamp with marble base", "Home Decor"
"Comfortable and supportive memory foam pillow with adjustable loft", "Personal Care"
"High-performance and versatile air fryer with pre-set cooking programs", "Kitchen Appliances"
"Stylish and practical office chair with adjustable height and tilt", "Furniture"
"Elegant and modern decorative wall sconce with LED light", "Home Decor"
"High-quality and versatile kitchen knife set with sharpening tool", "Kitchen Appliances"
"Stylish and practical wall-mounted storage rack with adjustable shelves", "Furniture"
"Elegant and modern decorative floor vase with floral design", "Home Decor"
"Comfortable and supportive winter coat with insulated hood", "Clothing"
"High-performance and versatile blender with chopper attachment", "Kitchen Appliances"
"Stylish and practical office desk with built-in wireless charger", "Furniture"
"Elegant and modern decorative wall clock with contemporary design", "Home Decor"
"Comfortable and supportive travel pillow with adjustable firmness", "Personal Care"
"High-quality and versatile multi-function kitchen tool set with peeler", "Kitchen Appliances"
"Compact and efficient electric griddle with removable plates", "Kitchen Appliances"
"Elegant and modern decorative table lamp with fabric shade", "Home Decor"
"High-performance and versatile air fryer with adjustable temperature", "Kitchen Appliances"
"Stylish and practical wall-mounted coat rack with mirror and hooks", "Furniture"
"Elegant and modern decorative table runner with geometric pattern", "Home Decor"
"Compact and efficient indoor air purifier with multi-stage filtration", "Home Appliances"
"Elegant and modern decorative wall art with abstract design", "Home Decor"
"Comfortable and supportive winter coat with waterproof feature", "Clothing"
"High-performance and versatile blender with multiple attachments", "Kitchen Appliances"
"Stylish and practical desk organizer with built-in lamp", "Furniture"
"Elegant and modern decorative floor lamp with adjustable brightness", "Home Decor"
"Stylish and practical wall-mounted coat rack with bench and hooks", "Furniture"
"Compact and efficient electric coffee maker with programmable settings", "Kitchen Appliances"
"High-quality and versatile kitchen knife set with block", "Kitchen Appliances"
"Elegant and modern decorative wall art with nature theme", "Home Decor"
"Elegant and modern decorative floor lamp with fabric shade", "Home Decor"
"Compact and durable outdoor camping gear set with tent and sleeping bags", "Outdoor Gear"
"Elegant and modern decorative wall mirror with gold frame", "Home Decor"
"High-performance and versatile coffee maker with built-in grinder", "Kitchen Appliances"
"Elegant and modern decorative table lamp with fabric shade", "Home Decor"
"Elegant and modern decorative table lamp with marble base", "Home Decor"
"High-quality and versatile multi-function kitchen tool set with whisk", "Kitchen Appliances"
"Stylish and practical wall-mounted coat rack with mirror and hooks", "Furniture"
"Elegant and modern decorative table runner with geometric pattern", "Home Decor"
"Comfortable and supportive winter gloves with thermal insulation", "Clothing"
"Compact and durable outdoor camping gear set with tent and stove", "Outdoor Gear"
"High-performance and versatile air fryer with pre-set cooking programs", "Kitchen Appliances"
"High-quality and versatile multi-function kitchen tool set with peeler", "Kitchen Appliances"
"Stylish and practical wall-mounted coat rack with bench and hooks", "Furniture"
"Elegant and modern decorative table runner with geometric pattern", "Home Decor"
"Comfortable and supportive winter gloves with thermal insulation", "Clothing"
"High-performance and versatile blender with chopper attachment", "Kitchen Appliances"
"High-performance and versatile coffee maker with built-in grinder", "Kitchen Appliances"
"Stylish and practical office chair with adjustable height and tilt", "Furniture"
"Stylish and practical wall-mounted storage rack with hooks", "Furniture"
"Elegant and modern decorative wall mirror with frameless design", "Home Decor"
"Stylish and practical wall-mounted coat rack with bench and hooks", "Furniture"
"Elegant and modern decorative table lamp with ceramic base", "Home Decor"
"Compact and durable outdoor camping gear set with tent and cooler", "Outdoor Gear"
"Elegant and modern decorative table lamp with marble base", "Home Decor"
"Comfortable and supportive memory foam pillow with cooling gel", "Personal Care"
"Elegant and modern decorative table lamp with marble base", "Home Decor"
"Stylish and practical desk organizer with built-in phone holder", "Accessories"
"Elegant and modern decorative floor vase with floral design", "Home Decor"
"High-performance and versatile air fryer with pre-set cooking programs", "Kitchen Appliances"
"High-performance and versatile air fryer with pre-set cooking programs", "Kitchen Appliances"
"Compact and durable outdoor camping gear set with tent and cooler", "Outdoor Gear"
"High-quality and versatile multi-function kitchen tool set with peeler", "Kitchen Appliances"
"Elegant and modern decorative table lamp with ceramic base", "Home Decor"
"Elegant and modern decorative floor vase with floral design", "Home Decor"
"High-quality and versatile multi-function kitchen tool set with peeler", "Kitchen Appliances"
"Elegant and modern decorative table lamp with marble base", "Home Decor"
Description,Category
"Ergonomic Office Chair with Adjustable Features","Office Furniture"
"Modern Executive Desk with Integrated Storage","Office Furniture"
"Height-Adjustable Standing Desk","Office Furniture"
"Comfortable Office Recliner Chair","Office Furniture"
"Contemporary Office Filing Cabinet","Office Furniture"
"Modular Office Cubicle System","Office Furniture"
"Reception Desk with Built-in Lighting","Office Furniture"
"Adjustable Office Desk Lamp","Office Furniture"
"Mobile File Storage Cabinet","Office Furniture"
"Space-Saving Wall-Mounted Desk","Office Furniture"
"Printer Paper Pack, 500 Sheets","Office Supplies"
"Binder with Dividers and Labels","Office Supplies"
"High-Quality Stapler and Staples","Office Supplies"
"Dry-Erase Markers and Eraser Set","Office Supplies"
"Desk Organizer with Pen Holder","Office Supplies"
"Office Supply Organizer Drawer","Office Supplies"
"Letter-Size File Folders, 100-Pack","Office Supplies"
"Whiteboard Cleaning Spray","Office Supplies"
"Multi-Function Office Scissors","Office Supplies"
"Label Maker with Tape Refills","Office Supplies"
"High-Performance Shredder Machine","Office Equipment"
"All-in-One Laser Printer with Scanner","Office Equipment"
"Teleconferencing System for Meetings","Office Equipment"
"Electronic Calculators with Large Display","Office Equipment"
"Projector with HD Resolution","Office Equipment"
"Network Attached Storage Device","Office Equipment"
"Office Thermostat with Wi-Fi Control","Office Equipment"
"Professional Video Conferencing Camera","Office Equipment"
"Automatic Document Feeder for Scanners","Office Equipment"
"Wireless Charging Station for Devices","Office Equipment"
"Heavy-Duty Metal Shelving Unit","Storage Solutions"
"Stackable Plastic Storage Bins","Storage Solutions"
"Wall-Mounted Storage Racks with Hooks","Storage Solutions"
"Adjustable Closet Storage Organizer","Storage Solutions"
"Multi-Tiered Rolling Storage Cart","Storage Solutions"
"Under-Bed Storage Boxes with Lids","Storage Solutions"
"Portable Storage Case with Compartments","Storage Solutions"
"Lockable Storage Cabinets for Office","Storage Solutions"
"Freestanding Storage Tower with Drawers","Storage Solutions"
"Collapsible Fabric Storage Bins","Storage Solutions"
"Multi-Surface All-Purpose Cleaner","Cleaning Supplies"
"Heavy-Duty Cleaning Cloths, 12-Pack","Cleaning Supplies"
"Disinfectant Spray for Surfaces","Cleaning Supplies"
"Glass Cleaner with Streak-Free Formula","Cleaning Supplies"
"Floor Cleaner Concentrate, 1L","Cleaning Supplies"
"Eco-Friendly Cleaning Wipes, 100-Pack","Cleaning Supplies"
"Bathroom Cleaning Spray with Bleach","Cleaning Supplies"
"Heavy-Duty Trash Bags, 50-Pack","Cleaning Supplies"
"Furniture Polish and Cleaner","Cleaning Supplies"
"Microfiber Mop with Refill Pads","Cleaning Supplies"
"LED Desk Lamp with Adjustable Brightness","Lighting"
"Stylish Floor Lamp with Dimmer","Lighting"
"Energy-Efficient Recessed Lighting Fixtures","Lighting"
"Smart Light Bulbs with Color Control","Lighting"
"Compact Desk Light with USB Charging","Lighting"
"Adjustable Reading Lamp with Shade","Lighting"
"Modern Pendant Light Fixture","Lighting"
"Vintage-Style Table Lamp with Shade","Lighting"
"Under-Cabinet LED Lighting","Lighting"
"Decorative String Lights for Events","Lighting"
"Abstract Wall Art for Office Space","Decor"
"Indoor Plant with Decorative Pot","Decor"
"Customizable Wall Decals for Office","Decor"
"Framed Inspirational Quotes for Walls","Decor"
"Elegant Desk Accessories Set","Decor"
"Contemporary Area Rug for Office","Decor"
"Decorative Desk Clock","Decor"
"Stylish Office Curtains","Decor"
"Unique Desk Organizer with Design","Decor"
"Personalized Name Plates for Desks","Decor"
"Surveillance Camera System for Office","Security"
"Smart Door Lock with Keypad Access","Security"
"Motion Sensor Alarm System","Security"
"Security Camera with Night Vision","Security"
"Alarm System with Remote Monitoring","Security"
"Fingerprint Door Lock","Security"
"Wireless Security Camera with Cloud Storage","Security"
"Personal Safety Alarm Device","Security"
"Security Bars for Windows","Security"
"Access Control System for Office","Security"
"Charging Dock for Multiple Devices","Tech Accessories"
"High-Speed HDMI Cable, 6ft","Tech Accessories"
"Bluetooth Wireless Keyboard","Tech Accessories"
"USB Hub with Multiple Ports","Tech Accessories"
"Portable Power Bank for Charging","Tech Accessories"
"Noise-Cancelling Bluetooth Headphones","Tech Accessories"
"Adjustable Laptop Stand","Tech Accessories"
"Cable Management Clips and Ties","Tech Accessories"
"Smartphone Holder for Desk","Tech Accessories"
"Ergonomic Mouse with Adjustable DPI","Tech Accessories"
"Chair Cushions for Extra Comfort","Furniture Accessories"
"Desk Pad with Built-in Mouse Mat","Furniture Accessories"
"Protective Covers for Office Chairs","Furniture Accessories"
"Adjustable Chair Mat for Flooring","Furniture Accessories"
"Decorative Throw Pillows for Office Chairs","Furniture Accessories"
"Ergonomic Keyboard Tray","Furniture Accessories"
"Desk Drawer Organizers","Furniture Accessories"
"Chair Armrest Covers","Furniture Accessories"
"Furniture Feet Levelers","Furniture Accessories"
"Office Chair Lumbar Support Cushion","Furniture Accessories"
"Safety Glasses for Industrial Use","Personal Protective Equipment (PPE)"
"Disposable Face Masks, 50-Pack","Personal Protective Equipment (PPE)"
"Heavy-Duty Work Gloves","Personal Protective Equipment (PPE)"
"Ear Protection Earplugs, 100-Pack","Personal Protective Equipment (PPE)"
"Protective Face Shield","Personal Protective Equipment (PPE)"
"Safety Helmets with Adjustable Fit","Personal Protective Equipment (PPE)"
"High-Visibility Safety Vest","Personal Protective Equipment (PPE)"
"Work Boots with Steel Toe","Personal Protective Equipment (PPE)"
"Disposable Coveralls for Protection","Personal Protective Equipment (PPE)"
"Respirator Masks with Filters","Personal Protective Equipment (PPE)"
"Professional Kitchen Knife Set","Kitchen Supplies"
"Non-Stick Baking Sheets","Kitchen Supplies"
"High-Quality Cutting Board","Kitchen Supplies"
"Food Storage Containers with Lids","Kitchen Supplies"
"Multipurpose Kitchen Utensil Set","Kitchen Supplies"
"Durable Pot and Pan Set","Kitchen Supplies"
"Compact Coffee Maker","Kitchen Supplies"
"Stainless Steel Measuring Cups","Kitchen Supplies"
"Silicone Baking Mats","Kitchen Supplies"
"High-Performance Blender","Kitchen Supplies"
"Premium Coffee Beans, 500g","Beverages"
"Organic Green Tea Bags, 20-Pack","Beverages"
"Fruit Juice Concentrate, 1L","Beverages"
"Sparkling Water with Natural Flavors","Beverages"
"Herbal Tea Assortment Box","Beverages"
"Single-Origin Coffee Pods","Beverages"
"Flavored Syrups for Drinks","Beverages"
"Energy Drink with Electrolytes","Beverages"
"Cold Brew Coffee Concentrate","Beverages"
"Premium Loose Leaf Tea","Beverages"
"Whole Wheat Flour, 1kg","Food Products"
"Organic Honey, 500g","Food Products"
"Canned Beans, 400g","Food Products"
"Pack of Assorted Nuts, 250g","Food Products"
"Rice, 1kg","Food Products"
"Instant Oatmeal, 500g","Food Products"
"Dried Fruits Mix, 300g","Food Products"
"Granola Bars, 10-Pack","Food Products"
"Organic Tomato Sauce, 500g","Food Products"
"Canned Tuna, 185g","Food Products"
"Vitamin D Supplements, 1000IU","Healthcare Products"
"Daily Multivitamins, 30-Pack","Healthcare Products"
"Antiseptic Cream for Cuts and Scrapes","Healthcare Products"
"Cold and Flu Relief Tablets","Healthcare Products"
"Allergy Relief Tablets, 24-Pack","Healthcare Products"
"Hydrating Aloe Vera Gel, 100ml","Healthcare Products"
"Pain Relief Ointment, 50g","Healthcare Products"
"First Aid Bandage Pack","Healthcare Products"
"Moisturizing Skin Lotion, 200ml","Healthcare Products"
"Medicated Foot Cream, 75ml","Healthcare Products"
"Prescription Pain Medication","Pharmaceuticals"
"Anti-Inflammatory Tablets","Pharmaceuticals"
"Cough Syrup for Adults","Pharmaceuticals"
"Cold Sore Treatment Cream","Pharmaceuticals"
"Antibiotic Ointment, 30g","Pharmaceuticals"
"Digestive Aid Tablets","Pharmaceuticals"
"High Blood Pressure Medication","Pharmaceuticals"
"Prescription Allergy Medicine","Pharmaceuticals"
"Over-the-Counter Pain Relievers","Pharmaceuticals"
"Antiseptic Mouthwash, 500ml","Pharmaceuticals"
"Anti-Aging Face Serum","Cosmetics and Beauty Products"
"Hydrating Facial Moisturizer","Cosmetics and Beauty Products"
"Long-Lasting Lipstick","Cosmetics and Beauty Products"
"Organic Face Mask","Cosmetics and Beauty Products"
"Premium Eye Cream","Cosmetics and Beauty Products"
"Rejuvenating Night Cream","Cosmetics and Beauty Products"
"Waterproof Mascara","Cosmetics and Beauty Products"
"Exfoliating Body Scrub","Cosmetics and Beauty Products"
"Fragrant Body Lotion","Cosmetics and Beauty Products"
"Tinted Sunscreen Lotion","Cosmetics and Beauty Products"
"Educational STEM Toys for Kids","Toys and Games"
"Building Blocks Set with Storage Bag","Toys and Games"
"Remote-Controlled Truck","Toys and Games"
"Interactive Learning Tablet for Toddlers","Toys and Games"
"Classic Board Games for Family","Toys and Games"
"Plush Stuffed Animal with Sound","Toys and Games"
"Puzzle Games for Children","Toys and Games"
"Action Figures from Popular Series","Toys and Games"
"Play-Dough Set with Molds","Toys and Games"
"Musical Instruments for Kids","Toys and Games"
"Adjustable Dumbbells Set","Sports Equipment"
"Resistance Bands for Exercise","Sports Equipment"
"Yoga Mat with Carry Strap","Sports Equipment"
"Treadmill with Bluetooth Speakers","Sports Equipment"
"Outdoor Basketball Hoop","Sports Equipment"
"Durable Soccer Ball","Sports Equipment"
"Bike with 18 Gears","Sports Equipment"
"Protective Gear Set for Cycling","Sports Equipment"
"Portable Picnic Table with Seating","Sports Equipment"
"Golf Club Set with Bag","Sports Equipment"
"Car Engine Oil, 5L","Automotive Parts"
"Replacement Air Filter for Vehicles","Automotive Parts"
"Heavy-Duty Car Battery","Automotive Parts"
"Brake Pads for Sedans","Automotive Parts"
"Automotive Battery Charger","Automotive Parts"
"Tire Repair Kit","Automotive Parts"
"Windshield Washer Fluid, 1L","Automotive Parts"
"Spark Plugs for Cars","Automotive Parts"
"Oil Filter for Vehicles","Automotive Parts"
"Car Jack and Stand Set","Automotive Parts"
"Bulk Aluminum Sheets","Raw Materials"
"Construction Grade Sand, 1 ton","Raw Materials"
"Wooden Planks for Building Projects","Raw Materials"
"Steel Rebar for Concrete Reinforcement","Raw Materials"
"Plastic Resin Pellets","Raw Materials"
"Copper Wire Spools","Raw Materials"
"Glass Sheets for Windows","Raw Materials"
"Industrial Strength Rubber Tubing","Raw Materials"
"Granular Limestone for Landscaping","Raw Materials"
"Bulk Cement Bags","Raw Materials"
"Heavy-Duty Industrial Screws","Raw Materials"
"Technical Manual for Electronics","Books and Media"
"Modern Fiction Bestsellers","Books and Media"
"Historical Non-Fiction","Books and Media"
"Children's Picture Books","Books and Media"
"Science Fiction Novels","Books and Media"
"Cookbooks for Healthy Eating","Books and Media"
"Travel Guides for Popular Destinations","Books and Media"
"Educational Textbooks for High School","Books and Media"
"Classic Literature Collections","Books and Media"
"Graphic Novels and Comics","Books and Media"
"Electrical Wire Spools","Electrical Supplies"
"Light Switches and Outlets","Electrical Supplies"
"Extension Cords with Surge Protection","Electrical Supplies"
"Power Strips with USB Ports","Electrical Supplies"
"Circuit Breaker Panels","Electrical Supplies"
"Electrical Tape and Heat Shrink Tubing","Electrical Supplies"
"Smart Light Switches","Electrical Supplies"
"Battery Chargers for AA/AAA","Electrical Supplies"
"Electrical Connectors and Terminals","Electrical Supplies"
"LED Light Bulbs, 10-Pack","Electrical Supplies"
"Adjustable Wrench Set","Hardware"
"Power Drill with Accessories","Hardware"
"Hand Tool Set for Mechanics","Hardware"
"Heavy-Duty Screws and Nails","Hardware"
"Workbench with Tool Storage","Hardware"
"Precision Screwdriver Kit","Hardware"
"Metal Hangers and Hooks","Hardware"
"Plumbing Tools and Fittings","Hardware"
"Portable Tool Box with Compartments","Hardware"
"Industrial Strength Adhesive Tape","Hardware"
"Industrial Grade Air Compressor","Industrial Supplies"
"High-Capacity Industrial Fan","Industrial Supplies"
"Portable Welding Machine","Industrial Supplies"
"Steel Storage Racks for Warehouse","Industrial Supplies"
"Hydraulic Lift for Heavy Equipment","Industrial Supplies"
"Industrial Strength Cleaning Supplies","Industrial Supplies"
"Metal Fabrication Tools","Industrial Supplies"
"Industrial Safety Gear","Industrial Supplies"
"Bulk Packaging Materials","Industrial Supplies"
"Heavy-Duty Power Tools","Industrial Supplies"
"Modular Office Cubicles","Office Furniture Accessories"
"Adjustable Monitor Mounts","Office Furniture Accessories"
"Desk Drawer Organizers","Office Furniture Accessories"
"Ergonomic Keyboard Trays","Office Furniture Accessories"
"Office Chair Mats","Office Furniture Accessories"
"Customizable Desk Panels","Office Furniture Accessories"
"Office Furniture Glides and Casters","Office Furniture Accessories"
"Desk Cable Management Systems","Office Furniture Accessories"
"Office Privacy Screens","Office Furniture Accessories"
"Modular Wall Systems for Offices","Office Furniture Accessories"
"Desktop Document Organizers","Office Storage Solutions"
"Office Supply Storage Cabinets","Office Storage Solutions"
"File Storage Drawers","Office Storage Solutions"
"Wall-Mounted File Holders","Office Storage Solutions"
"Desk Organizers with Drawers","Office Storage Solutions"
"Desktop Filing Cabinets","Office Storage Solutions"
"Adjustable Shelving for Offices","Office Storage Solutions"
"Under-Desk Storage Units","Office Storage Solutions"
"Compact Office Storage Solutions","Office Storage Solutions"
"Multi-Tiered Storage Organizers","Office Storage Solutions"
"Pen Holders and Desk Trays","Desktop Accessories"
"Desktop Charging Stations","Desktop Accessories"
"Monitor Stands with Adjustable Height","Desktop Accessories"
"Cable Management Sleeves","Desktop Accessories"
"Desktop Magnifying Glass","Desktop Accessories"
"Mini Desk Fans","Desktop Accessories"
"Desk Clock with Alarm Function","Desktop Accessories"
"Office Desk Mats","Desktop Accessories"
"Portable Desk Organizers","Desktop Accessories"
"Wireless Desktop Keyboards","Desktop Accessories"
"Desk Filing Systems for Documents","Office Organization"
"Drawer Organizers for Office Supplies","Office Organization"
"Desktop Cable Organizers","Office Organization"
"File Management Systems","Office Organization"
"Office Labeling Systems","Office Organization"
"Desk Drawer Dividers","Office Organization"
"Document Holders and Stands","Office Organization"
"Office Mail Sorters","Office Organization"
"Desktop Task Lighting","Office Organization"
"Customizable Desk Organizers","Office Organization"
"External Hard Drives for Backup","Data Storage"
"USB Flash Drives with High Capacity","Data Storage"
"Network Attached Storage Systems","Data Storage"
"Cloud Storage Subscription Services","Data Storage"
"Portable SSD Drives","Data Storage"
"Backup Battery for External Devices","Data Storage"
"Data Backup Software Solutions","Data Storage"
"Encrypted USB Drives","Data Storage"
"Data Recovery Tools","Data Storage"
"RAID Storage Systems","Data Storage"
"Energy-Efficient Refrigerator","Home Appliances"
"High-Capacity Washing Machine","Home Appliances"
"Microwave Oven with Multiple Functions","Home Appliances"
"Smart Home Thermostat","Home Appliances"
"Dishwasher with Advanced Features","Home Appliances"
"High-Powered Vacuum Cleaner","Home Appliances"
"Coffee Maker with Programmable Settings","Home Appliances"
"Electric Kettle with Temperature Control","Home Appliances"
"Compact Air Purifier for Rooms","Home Appliances"
"Smart Refrigerator with Touch Screen","Home Appliances"
"Portable Electric Heater","Home Appliances"
"Precision Measuring Tools","Tools and Equipment"
"Multi-Tool Kit with Accessories","Tools and Equipment"
"Heavy-Duty Work Gloves","Tools and Equipment"
"Adjustable Workbench","Tools and Equipment"
"Electric Drill with Battery Pack","Tools and Equipment"
"Precision Hand Tools Set","Tools and Equipment"
"Safety Goggles and Face Shield","Tools and Equipment"
"Portable Air Compressor","Tools and Equipment"
"Workshop Vacuum with HEPA Filter","Tools and Equipment"
"Cordless Circular Saw","Tools and Equipment"
"Adjustable Weight Bench with Free Weights","Fitness Equipment"
"Resistance Bands for Strength Training","Fitness Equipment"
"Yoga Mat with Extra Cushioning","Fitness Equipment"
"Treadmill with Built-in Programs","Fitness Equipment"
"Multi-Station Home Gym","Fitness Equipment"
"Set of Dumbbells with Stand","Fitness Equipment"
"Adjustable Kettlebells","Fitness Equipment"
"Stationary Bike for Indoor Workouts","Fitness Equipment"
"Elliptical Machine with Heart Rate Monitor","Fitness Equipment"
"Fitness Tracker with GPS","Fitness Equipment"
"Cat Litter Box with High Sides","Pet Supplies"
"Comfortable Dog Bed with Memory Foam","Pet Supplies"
"Bird Cage with Perches and Toys","Pet Supplies"
"Fish Tank with LED Lighting","Pet Supplies"
"Pet Carrier for Travel with Safety Features","Pet Supplies"
"Pet Grooming Brush Set","Pet Supplies"
"Automatic Pet Feeder","Pet Supplies"
"Pet Training Pads for Puppies","Pet Supplies"
"Pet Water Fountain with Filter","Pet Supplies"
"Durable Pet Chew Toys","Pet Supplies"
"Garden Hose with Adjustable Nozzle","Garden Supplies"
"Outdoor Planters with Drainage","Garden Supplies"
"Garden Tools Set with Trowel and Pruner","Garden Supplies"
"Raised Garden Bed for Vegetables","Garden Supplies"
"Compost Bin for Organic Waste","Garden Supplies"
"Garden Fertilizer for All Plants","Garden Supplies"
"Watering Can with Long Spout","Garden Supplies"
"Outdoor Furniture Set for Patio","Garden Supplies"
"Garden Kneeler and Seat","Garden Supplies"
"Solar-Powered Garden Lights","Garden Supplies"
"Safety Harness for Fall Protection","Safety Equipment"
"First Aid Kit for Workplaces","Safety Equipment"
"Reflective Safety Vest","Safety Equipment"
"Fire Extinguisher for Offices","Safety Equipment"
"Emergency Safety Lighting","Safety Equipment"
"Protective Safety Goggles","Safety Equipment"
"Workplace Safety Signs","Safety Equipment"
"Safety Barrier Tape for Construction","Safety Equipment"
"Personal Safety Alarm with Keychain","Safety Equipment"
"Safety Boots with Steel Toes","Safety Equipment"
"Corrugated Cardboard Boxes for Shipping","Packaging Supplies"
"Bubble Wrap for Fragile Items","Packaging Supplies"
"Custom Shipping Labels","Packaging Supplies"
"Packaging Tape with Dispenser","Packaging Supplies"
"Eco-Friendly Packaging Materials","Packaging Supplies"
"Stretch Film for Pallets","Packaging Supplies"
"Packing Peanuts for Cushioning","Packaging Supplies"
"Postal Envelopes with Padding","Packaging Supplies"
"Label Maker for Packaging","Packaging Supplies"
"Shipping and Mailing Supplies Kit","Packaging Supplies"
"High-Capacity Pallet Jack","Warehouse Equipment"
"Industrial Shelving Units","Warehouse Equipment"
"Forklift with Hydraulic Lift","Warehouse Equipment"
"Warehouse Storage Bins","Warehouse Equipment"
"Inventory Management Software","Warehouse Equipment"
"Labeling Machine for Warehouses","Warehouse Equipment"
"Heavy-Duty Work Tables","Warehouse Equipment"
"Warehouse Pallet Racking System","Warehouse Equipment"
"Industrial Cart with Heavy-Duty Wheels","Warehouse Equipment"
"Packing and Shipping Station","Warehouse Equipment"
"Precision Measuring Instruments","Manufacturing Equipment"
"Automated Assembly Line Machinery","Manufacturing Equipment"
"CNC Milling Machine","Manufacturing Equipment"
"Industrial 3D Printer","Manufacturing Equipment"
"Metal Cutting Tools","Manufacturing Equipment"
"Heat Press Machine","Manufacturing Equipment"
"Injection Molding Machine","Manufacturing Equipment"
"Robotic Arms for Assembly","Manufacturing Equipment"
"Conveyor Belts for Production Lines","Manufacturing Equipment"
"Quality Control Testing Equipment","Manufacturing Equipment"
"Packaging Tape Dispenser","Shipping Supplies"
"Shipping Labels with Adhesive","Shipping Supplies"
"Bubble Wrap Roll for Packaging","Shipping Supplies"
"Corrugated Mailer Boxes","Shipping Supplies"
"Stretch Wrap Film for Pallets","Shipping Supplies"
"Shipping Envelopes with Bubble Lining","Shipping Supplies"
"Heavy-Duty Shipping Straps","Shipping Supplies"
"Custom Shipping Boxes","Shipping Supplies"
"Label Printing Machine for Shipping","Shipping Supplies"
"Packing Peanuts for Cushioning","Shipping Supplies"
"High-Quality Notebooks, 3-Pack","Stationery"
"Colorful Gel Pens Set","Stationery"
"Desk Calendar with Planner","Stationery"
"Sticky Notes in Assorted Colors","Stationery"
"Elegant Fountain Pen","Stationery"
"Portable Stapler for Desk","Stationery"
"Business Card Holders","Stationery"
"Premium Writing Paper Pack","Stationery"
"Desk Organizer for Stationery","Stationery"
"Magnetic Whiteboard for Office","Stationery"
"High-Resolution Conference Room Projector","Conference Room Equipment"
"Wireless Presentation Remote","Conference Room Equipment"
"Adjustable Conference Room Table","Conference Room Equipment"
"Ergonomic Conference Room Chairs","Conference Room Equipment"
"Digital Whiteboard for Meetings","Conference Room Equipment"
"Conference Room Audio System","Conference Room Equipment"
"Video Conferencing Equipment","Conference Room Equipment"
"Large LED Display for Presentations","Conference Room Equipment"
"Portable Projector Screen","Conference Room Equipment"
"Conference Call Speakerphone","Conference Room Equipment"
"Coffee Maker for Office Breakroom","Breakroom Supplies"
"Microwave Oven for Office Use","Breakroom Supplies"
"Refrigerator with Freezer Compartment","Breakroom Supplies"
"Dishwasher for Office Kitchen","Breakroom Supplies"
"Disposable Plates and Utensils","Breakroom Supplies"
"Water Cooler with Bottled Water","Breakroom Supplies"
"Coffee Supplies and Creamers","Breakroom Supplies"
"Snack Vending Machine","Breakroom Supplies"
"Office Recycling Bins","Breakroom Supplies"
"Breakroom Furniture Set","Breakroom Supplies"
"Industrial Cleaning Solution for Factories","Maintenance Products"
"Heavy-Duty Cleaning Equipment","Maintenance Products"
"Floor Maintenance Scrubbers","Maintenance Products"
"Warehouse Cleaning Supplies","Maintenance Products"
"Maintenance Repair Tools","Maintenance Products"
"Industrial Vacuum Cleaners","Maintenance Products"
"Cleaning Chemicals for Industrial Use","Maintenance Products"
"Hand Sanitizers for Workplaces","Maintenance Products"
"Surface Cleaners for Industrial Areas","Maintenance Products"
"Industrial Grade Cleaning Cloths","Maintenance Products"
"Retail Shelving Units","Retail Supplies"
"Point-of-Sale Terminals","Retail Supplies"
"Retail Price Tags and Labeling","Retail Supplies"
"Shopping Bags with Handles","Retail Supplies"
"Retail Display Stands","Retail Supplies"
"Inventory Management Solutions","Retail Supplies"
"Cash Register with Receipt Printer","Retail Supplies"
"Retail Checkout Counters","Retail Supplies"
"Security Tags for Merchandise","Retail Supplies"
"Retail Store Signage and Banners","Retail Supplies"
"Portable Event Tents","Event Supplies"
"Decorative Event Balloons","Event Supplies"
"Tablecloths and Chair Covers","Event Supplies"
"Event Lighting and Decorations","Event Supplies"
"Portable Stage for Events","Event Supplies"
"Sound System for Events","Event Supplies"
"Event Ticketing Solutions","Event Supplies"
"Custom Event Invitations","Event Supplies"
"Event Seating and Tables","Event Supplies"
"Event Catering Supplies","Event Supplies"
"Modular Office Desk Units","Office Furniture Storage"
"Storage Cabinets for Office Supplies","Office Furniture Storage"
"Wall-Mounted Shelving for Offices","Office Furniture Storage"
"Adjustable Storage Racks for Offices","Office Furniture Storage"
"Office Storage Solutions for Small Spaces","Office Furniture Storage"
"File Storage Cabinets with Locks","Office Furniture Storage"
"Office Storage Boxes for Documents","Office Furniture Storage"
"Modular Office Storage Solutions","Office Furniture Storage"
"Freestanding Storage Units for Offices","Office Furniture Storage"
"Under-Desk Storage Units","Office Furniture Storage"
"Industrial Floor Scrubbers","Cleaning Equipment"
"High-Powered Carpet Cleaners","Cleaning Equipment"
"Heavy-Duty Pressure Washers","Cleaning Equipment"
"Industrial Steam Cleaners","Cleaning Equipment"
"Commercial Vacuum Cleaners","Cleaning Equipment"
"Floor Buffers for Large Areas","Cleaning Equipment"
"Industrial Mops and Buckets","Cleaning Equipment"
"Cleaning Equipment for Warehouses","Cleaning Equipment"
"Automated Floor Scrubbing Machines","Cleaning Equipment"
"High-Performance Cleaning Robots","Cleaning Equipment"
"Recyclable Food Packaging Containers","Food and Beverage Packaging"
"Compostable Food Wraps","Food and Beverage Packaging"
"Biodegradable Drink Cups","Food and Beverage Packaging"
"Customizable Food Labels","Food and Beverage Packaging"
"Tamper-Evident Food Seals","Food and Beverage Packaging"
"Food Grade Storage Bags","Food and Beverage Packaging"
"Reusable Food Containers","Food and Beverage Packaging"
"Eco-Friendly Takeout Containers","Food and Beverage Packaging"
"Food Packaging for Fresh Produce","Food and Beverage Packaging"
"Disposable Cutlery for Events","Food and Beverage Packaging"
"Organic Supplements for Wellness","Health and Wellness Products"
"Essential Oils for Aromatherapy","Health and Wellness Products"
"Herbal Teas for Relaxation","Health and Wellness Products"
"Organic Skin Care Products","Health and Wellness Products"
"Vitamin Supplements for Daily Health","Health and Wellness Products"
"Natural Remedies for Common Ailments","Health and Wellness Products"
"Fitness and Wellness Trackers","Health and Wellness Products"
"Holistic Health and Wellness Books","Health and Wellness Products"
"Healthy Snacks for Wellness","Health and Wellness Products"
"Ergonomic Chair Repair Kit","Furniture Repair Parts"
"Replacement Cushions for Office Chairs","Furniture Repair Parts"
"Desk Leg Replacement Parts","Furniture Repair Parts"
"Chair Base with Wheels Replacement","Furniture Repair Parts"
"Furniture Repair Adhesives","Furniture Repair Parts"
"Replacement Upholstery for Office Chairs","Furniture Repair Parts"
"Adjustable Desk Leg Replacement Parts","Furniture Repair Parts"
"Furniture Hardware Kit for Assembly","Furniture Repair Parts"
"Office Furniture Repair Tools","Furniture Repair Parts"
"Furniture Maintenance Kits","Furniture Repair Parts"
"Smartwatch with Health Monitoring Features","Tech Gadgets"
"Wireless Earbuds with Noise Cancellation","Tech Gadgets"
"Portable Bluetooth Speaker with High Bass","Tech Gadgets"
"Smart Home Hub for Device Control","Tech Gadgets"
"Wearable Fitness Tracker with GPS","Tech Gadgets"
"Smart Thermostat with Learning Capabilities","Tech Gadgets"
"Voice-Controlled Smart Assistant","Tech Gadgets"
"Wireless Charging Pad for Phones","Tech Gadgets"
"Virtual Reality Headset","Tech Gadgets"
"High-Speed USB Flash Drive","Tech Gadgets"
"Adjustable LED Desk Lamp","Office Lighting"
"Smart Lighting System for Offices","Office Lighting"
"Modern Office Pendant Lights","Office Lighting"
"Energy-Saving LED Office Lights","Office Lighting"
"Adjustable Floor Lamps for Workspaces","Office Lighting"
"Task Lighting with Adjustable Brightness","Office Lighting"
"Ambient Office Lighting Solutions","Office Lighting"
"Wall-Mounted LED Office Lights","Office Lighting"
"Decorative Table Lamps for Offices","Office Lighting"
"Office Lighting with Motion Sensors","Office Lighting"
"Educational Supplies for Classrooms","Educational Supplies"
"Interactive Learning Materials","Educational Supplies"
"STEM Kits for Hands-On Learning","Educational Supplies"
"Educational Wall Charts and Posters","Educational Supplies"
"Classroom Organizers and Storage","Educational Supplies"
"Art Supplies for School Projects","Educational Supplies"
"Math Manipulatives for Students","Educational Supplies"
"Language Learning Materials","Educational Supplies"
"Science Experiment Kits","Educational Supplies"
"Classroom Furniture and Desks","Educational Supplies"
"Craft Supplies for Creative Projects","Craft Supplies"
"Model Building Kits for Hobbies","Craft Supplies"
"DIY Craft Kits for Kids","Craft Supplies"
"Art Supplies for Painting and Drawing","Craft Supplies"
"Scrapbooking Materials","Craft Supplies"
"Fabric and Sewing Supplies","Craft Supplies"
"Beading and Jewelry Making Kits","Craft Supplies"
"Paper Crafting Tools and Materials","Craft Supplies"
"Woodworking Craft Kits","Craft Supplies"
"Knitting and Crochet Supplies","Craft Supplies"
"Holiday-Themed Decorations","Seasonal Decorations"
"Outdoor Christmas Lights and Ornaments","Seasonal Decorations"
"Halloween Party Decorations","Seasonal Decorations"
"Thanksgiving Table Decorations","Seasonal Decorations"
"Easter Egg Hunt Supplies","Seasonal Decorations"
"Summer Beach Party Decorations","Seasonal Decorations"
"Valentine's Day Decorations","Seasonal Decorations"
"New Year's Eve Party Supplies","Seasonal Decorations"
"Spring Garden Decorations","Seasonal Decorations"
"Fall Harvest Decorations","Seasonal Decorations"
"Home Renovation Tools and Supplies","Home Improvement Products"
"DIY Home Repair Kits","Home Improvement Products"
"Smart Home Improvement Devices","Home Improvement Products"
"Paint and Painting Supplies","Home Improvement Products"
"Outdoor Home Improvement Products","Home Improvement Products"
"Home Insulation Materials","Home Improvement Products"
"Tool Kits for Home Projects","Home Improvement Products"
"Garden Improvement Tools","Home Improvement Products"
"Lighting Fixtures for Home Improvement","Home Improvement Products"
"Furniture and Home Dcor","Furniture and Dcor"
"Wall Art and Frames","Furniture and Dcor"
"Area Rugs and Carpets","Furniture and Dcor"
"Home Curtains and Blinds","Furniture and Dcor"
"Lighting Fixtures for Home","Furniture and Dcor"
"Indoor Plants and Planters","Furniture and Dcor"
"Decorative Pillows and Throws","Furniture and Dcor"
"Home Organization Bins and Baskets","Furniture and Dcor"
"Accent Furniture and Tables","Furniture and Dcor"
"Wall Mirrors and Decorative Items","Furniture and Dcor"